Metric,Value
R2,0.42000896169122626
MAE,128807665.41726169
MSE,6.98651069072836e+16
RMSE,264320084.19203335
